[{"model": "admin.logentry", "pk": 1, "fields": {"action_time": "2024-11-08T11:13:19.482Z", "user": 1, "content_type": null, "object_id": "1", "object_repr": "Недвижимость", "action_flag": 1, "change_message": "[{\"added\": {}}]"}}, {"model": "admin.logentry", "pk": 2, "fields": {"action_time": "2024-11-08T11:13:27.513Z", "user": 1, "content_type": null, "object_id": "2", "object_repr": "Транспорт", "action_flag": 1, "change_message": "[{\"added\": {}}]"}}, {"model": "admin.logentry", "pk": 3, "fields": {"action_time": "2024-11-08T11:16:40.227Z", "user": 1, "content_type": null, "object_id": "1", "object_repr": "Плотина (500 тг.)", "action_flag": 1, "change_message": "[{\"added\": {}}]"}}, {"model": "admin.logentry", "pk": 4, "fields": {"action_time": "2024-11-08T11:17:06.755Z", "user": 1, "content_type": null, "object_id": "2", "object_repr": "Бобёр ездовой (100500 тг.)", "action_flag": 1, "change_message": "[{\"added\": {}}]"}}, {"model": "admin.logentry", "pk": 5, "fields": {"action_time": "2024-11-08T12:17:43.938Z", "user": 1, "content_type": null, "object_id": "3", "object_repr": "dfg4 (1231 тг.)", "action_flag": 1, "change_message": "[{\"added\": {}}]"}}, {"model": "admin.logentry", "pk": 6, "fields": {"action_time": "2024-12-06T11:37:19.209Z", "user": 1, "content_type": null, "object_id": "18", "object_repr": "wrwr (2342 тг.)", "action_flag": 1, "change_message": "[{\"added\": {}}]"}}, {"model": "admin.logentry", "pk": 7, "fields": {"action_time": "2024-12-20T10:28:12.393Z", "user": 1, "content_type": null, "object_id": "1", "object_repr": "Бобры", "action_flag": 1, "change_message": "[{\"added\": {}}]"}}, {"model": "auth.group", "pk": 1, "fields": {"name": "Бобры", "permissions": []}}, {"model": "auth.user", "pk": 1, "fields": {"password": "pbkdf2_sha256$870000$yP3rt39OOVWbY7P9BW5qOQ$e0LM7C2TzwABQLpTlWVzRZKErXfnrX7WQt/egS3tTpU=", "last_login": "2025-01-10T10:06:35.774Z", "is_superuser": true, "username": "admin", "first_name": "", "last_name": "", "email": "", "is_staff": true, "is_active": true, "date_joined": "2024-11-08T11:01:05.781Z", "groups": [], "user_permissions": []}}, {"model": "auth.user", "pk": 2, "fields": {"password": "pbkdf2_sha256$870000$isF4Y8IfTskjcuFdndl0TG$/XyPq2SfZGbWm7YMpdVbA8n2qPn8M0zqIYo6LandqEk=", "last_login": null, "is_superuser": true, "username": "admin2", "first_name": "", "last_name": "", "email": "", "is_staff": true, "is_active": true, "date_joined": "2024-11-11T11:12:25.708Z", "groups": [], "user_permissions": []}}, {"model": "auth.user", "pk": 3, "fields": {"password": "pbkdf2_sha256$870000$ZjyzMug15YnhmPAl5pvY1O$OfJ9w0u0YXgcsLNpf3nTIwF8xK8ZV7ElMR9ndCH8KjU=", "last_login": null, "is_superuser": true, "username": "admin3", "first_name": "", "last_name": "", "email": "admin3@bboard.kz", "is_staff": true, "is_active": true, "date_joined": "2024-12-20T10:16:44.398Z", "groups": [], "user_permissions": []}}, {"model": "sessions.session", "pk": "goileu2i3jfraxspiwem3et15jy2knen", "fields": {"session_data": "e30:1tVr0K:jc8sndDeKqkiLFt7T1tpcIGiqZ-9e_tbtMI5dei-JK8", "expire_date": "2025-01-23T11:47:12.059Z"}}, {"model": "sessions.session", "pk": "kl679hdn7cvae5q5odpdri42yilwku1l", "fields": {"session_data": ".eJxVjEsOwiAUAO_C2hDg8Xsu3fcMBHhUqoYmpV0Z725IutDtzGTeLMRjr-HoZQsLsSuT7PLLUszP0oagR2z3lee17duS-Ej4aTufViqv29n-DWrsdWyVQFk8YSSQNKvkHGS0GgwKkexsjfXaZ2UyofE6o0crAYGicOBcYZ8vvfQ2pg:1tVqxz:_1KVzbrkZMdObofpTwU-H__uo6mhDDL7OBmIZmuhrlI", "expire_date": "2025-01-23T11:44:47.101Z"}}, {"model": "sessions.session", "pk": "kqeg0jxui4ywv5e22h69loelvzn2ij92", "fields": {"session_data": ".eJxVjLEOAiEQRP-F2hAOTiCW9n4D2V0WOTWQHHeV8d-F5Aotpph5M_MWAfYth73xGpYoLmISp98MgZ5cBogPKPcqqZZtXVCOijxok7ca-XU9un8HGVrua6WBJzQmAlq0HpGSjmfjySulHXCioYS--5n6r0PlDcDsgIy2Sny-Fsw5JQ:1tWBuV:qTlztLckMDM5l3FT59UjjgNPiwxXf166KHcSFtDh8U0", "expire_date": "2025-01-24T10:06:35.781Z"}}, {"model": "sessions.session", "pk": "t6r58t6tagxby2poa20zv26sru0xhy9f", "fields": {"session_data": ".eJxVjEsOwiAUAO_C2hDg8Xsu3fcMBHhUqoYmpV0Z725IutDtzGTeLMRjr-HoZQsLsSuT7PLLUszP0oagR2z3lee17duS-Ej4aTufViqv29n-DWrsdWyVQFk8YSSQNKvkHGS0GgwKkexsjfXaZ2UyofE6o0crAYGicOBcYZ8vvfQ2pg:1tVr33:kH5i4afeMFOrnBLQmcljN6CpqyZ8de6Y2qA4-0v-R6A", "expire_date": "2025-01-23T11:50:01.935Z"}}, {"model": "sessions.session", "pk": "tc0c9n67li5j0p34750h5kz9z4e3lila", "fields": {"session_data": ".eJxVjEEOwiAQRe_C2pDOQAVcuu8ZyMCAVA0kpV0Z765NutDtf-_9l_C0rcVvPS1-ZnERIE6_W6D4SHUHfKd6azK2ui5zkLsiD9rl1Dg9r4f7d1Col2-N4BDIWWTWMMYM-mzQGmWiUoyDipocJjegg6zZJa3NaJUNBkxGpCDeH6tPNog:1tObzf:I2dS9FdqkV6NeT4EAEHm1ub7t1E_pU4nc55S5KEc5Bs", "expire_date": "2025-01-03T12:20:35.857Z"}}, {"model": "sessions.session", "pk": "vr1ht2z97umwaeg1wn93n5hh62bi39l8", "fields": {"session_data": ".eJxVjEEOwiAQRe_C2pDOQAVcuu8ZyMCAVA0kpV0Z765NutDtf-_9l_C0rcVvPS1-ZnERIE6_W6D4SHUHfKd6azK2ui5zkLsiD9rl1Dg9r4f7d1Col2-N4BDIWWTWMMYM-mzQGmWiUoyDipocJjegg6zZJa3NaJUNBkxGpCDeH6tPNog:1tBB0m:q9Y-n8PGKFgDt53kNK0wgQIJkfvZR1uw5pmrKeZlKi8", "expire_date": "2024-11-27T10:54:12.725Z"}}, {"model": "captcha.captchastore", "pk": 1, "fields": {"challenge": "DMAC", "response": "dmac", "hashkey": "eba492b435b39741d898afe16aa988d255308296", "expiration": "2025-01-10T11:58:37.533Z"}}, {"model": "captcha.captchastore", "pk": 2, "fields": {"challenge": "COGS", "response": "cogs", "hashkey": "ffee8661621884549e80da168475544f29883c7b", "expiration": "2025-01-10T11:58:57.073Z"}}, {"model": "captcha.captchastore", "pk": 3, "fields": {"challenge": "QBYJ", "response": "qbyj", "hashkey": "9e0012533fe50f3406349ebce0154e1ea846e723", "expiration": "2025-01-10T11:58:57.903Z"}}, {"model": "bboard.rubric", "pk": 1, "fields": {"name": "Недвижимость", "order": 0}}, {"model": "bboard.rubric", "pk": 2, "fields": {"name": "Транспорт", "order": 0}}, {"model": "bboard.rubric", "pk": 3, "fields": {"name": "Бытовая техника", "order": 0}}, {"model": "bboard.rubric", "pk": 4, "fields": {"name": "Сельхозинвентарь", "order": 0}}, {"model": "bboard.rubric", "pk": 5, "fields": {"name": "Мебель", "order": 0}}, {"model": "bboard.rubric", "pk": 6, "fields": {"name": "Сантехника", "order": 0}}, {"model": "bboard.rubric", "pk": 7, "fields": {"name": "Растения", "order": 0}}, {"model": "bboard.bb", "pk": 1, "fields": {"kind": "s", "rubric": 1, "title": "Земельный участок", "content": "Большой", "price": "1000000.00", "published": "2024-11-08T11:16:40.224Z"}}, {"model": "bboard.bb", "pk": 2, "fields": {"kind": "s", "rubric": 2, "title": "Бобёр ездовой", "content": "Несётся как лошадь", "price": "100500.00", "published": "2024-11-08T11:17:06.754Z"}}, {"model": "bboard.bb", "pk": 3, "fields": {"kind": "c", "rubric": 2, "title": "Что-то", "content": "", "price": "1230.00", "published": "2024-11-08T12:17:43.936Z"}}, {"model": "bboard.bb", "pk": 5, "fields": {"kind": "s", "rubric": 5, "title": "Диван", "content": "Продавленный", "price": "200.00", "published": "2024-11-15T10:19:50.806Z"}}, {"model": "bboard.bb", "pk": 6, "fields": {"kind": "s", "rubric": 6, "title": "Раковина", "content": "Сильно битая", "price": "50.00", "published": "2024-11-15T10:27:02.749Z"}}, {"model": "bboard.bb", "pk": 7, "fields": {"kind": "s", "rubric": 4, "title": "Мотыга", "content": "Ржавая", "price": "40.00", "published": "2024-11-15T10:33:40.503Z"}}, {"model": "bboard.bb", "pk": 8, "fields": {"kind": "s", "rubric": 4, "title": "Лопата", "content": "Почти новая", "price": "1000.00", "published": "2024-11-15T10:36:59.948Z"}}, {"model": "bboard.bb", "pk": 9, "fields": {"kind": "s", "rubric": 3, "title": "Пылесос", "content": "Хороший, мощный", "price": "1000.00", "published": "2024-11-15T12:00:13.908Z"}}, {"model": "bboard.bb", "pk": 10, "fields": {"kind": "s", "rubric": 3, "title": "Стиральная машина", "content": "Автоматическая", "price": "3000.00", "published": "2024-11-15T12:00:13.908Z"}}, {"model": "bboard.bb", "pk": 11, "fields": {"kind": "s", "rubric": 7, "title": "Товар", "content": "Настоящий товар, бери оптом", "price": "53000.00", "published": "2024-11-25T11:00:27.076Z"}}, {"model": "bboard.bb", "pk": 12, "fields": {"kind": "s", "rubric": 7, "title": "Другой товар", "content": "Только качественный продукт", "price": "57568.00", "published": "2024-11-25T11:42:13.133Z"}}, {"model": "bboard.bb", "pk": 13, "fields": {"kind": "s", "rubric": 1, "title": "Тестим редирект", "content": "Тестим редирект", "price": "235256.00", "published": "2024-11-27T10:50:24.180Z"}}, {"model": "bboard.bb", "pk": 14, "fields": {"kind": "s", "rubric": 5, "title": "Ещё одно", "content": "Ещё одно дно", "price": "2346.00", "published": "2024-11-27T10:59:08.237Z"}}, {"model": "bboard.bb", "pk": 15, "fields": {"kind": "s", "rubric": 3, "title": "тестим redirect", "content": "Пашет!", "price": "34576.00", "published": "2024-11-29T10:47:52.704Z"}}, {"model": "bboard.bb", "pk": 16, "fields": {"kind": "s", "rubric": 5, "title": "Тестируем View", "content": "Полёт нормальный, все бобры здоровы", "price": "45678.00", "published": "2024-12-02T10:55:34.605Z"}}, {"model": "bboard.bb", "pk": 18, "fields": {"kind": "s", "rubric": 1, "title": "wrwr", "content": "werwer", "price": "2342.00", "published": "2024-12-06T11:37:19.206Z"}}, {"model": "testapp.spare", "pk": 1, "fields": {"name": "Болт"}}, {"model": "testapp.spare", "pk": 2, "fields": {"name": "Гайка"}}, {"model": "testapp.spare", "pk": 3, "fields": {"name": "Шайба"}}, {"model": "testapp.spare", "pk": 4, "fields": {"name": "шпилька"}}, {"model": "testapp.machine", "pk": 1, "fields": {"name": "Самосвал"}}, {"model": "testapp.machine", "pk": 2, "fields": {"name": "Тепловоз"}}, {"model": "testapp.kit", "pk": 1, "fields": {"machine": 1, "spare": 1, "count": 5}}, {"model": "testapp.kit", "pk": 2, "fields": {"machine": 1, "spare": 2, "count": 100}}, {"model": "testapp.kit", "pk": 4, "fields": {"machine": 2, "spare": 1, "count": 49}}, {"model": "testapp.kit", "pk": 5, "fields": {"machine": 2, "spare": 3, "count": 49}}, {"model": "testapp.message", "pk": 1, "fields": {"content": "Привет, брат!", "published": "2024-12-25T11:03:42.026Z"}}, {"model": "testapp.privatemessage", "pk": 1, "fields": {"user": 1}}]